id,first_seen,section
"https://openalex.org/W4245384152","2026-08-25","articulos"
"https://openalex.org/W7162835830","2026-08-25","articulos"
"https://openalex.org/W7203776987","2026-08-25","articulos"
"https://openalex.org/W4386294205","2026-08-25","articulos"
"https://openalex.org/W7203617164","2026-08-25","articulos"
"https://openalex.org/W7203785826","2026-08-25","articulos"
"https://openalex.org/W7203829602","2026-08-25","articulos"
"https://openalex.org/W4231745530","2026-08-25","articulos"
"https://openalex.org/W7203693946","2026-08-25","articulos"
"https://openalex.org/W7203771037","2026-08-25","articulos"
"https://openalex.org/W7204113813","2026-08-25","articulos"
"https://openalex.org/W7203755904","2026-08-25","articulos"
"https://openalex.org/W7203761447","2026-08-25","articulos"
"https://openalex.org/W7203765769","2026-08-25","articulos"
"https://openalex.org/W7203820693","2026-08-25","articulos"
"https://openalex.org/W7203955110","2026-08-25","articulos"
"https://openalex.org/W7203776634","2026-08-25","articulos"
"https://openalex.org/W7203868621","2026-08-25","articulos"
"https://openalex.org/W7203922343","2026-08-25","articulos"
"https://openalex.org/W7166680636","2026-08-25","articulos"
"https://openalex.org/W7203675240","2026-08-25","articulos"
"https://openalex.org/W7203719705","2026-08-25","articulos"
"https://openalex.org/W7203603794","2026-08-25","temas"
"https://openalex.org/W7203946112","2026-08-25","temas"
"https://openalex.org/W7204146727","2026-08-25","temas"
"https://openalex.org/W7203829602","2026-08-25","temas"
"https://openalex.org/W7203922343","2026-08-25","temas"
"https://openalex.org/W7204030144","2026-08-25","temas"
"https://openalex.org/W7204055638","2026-08-25","temas"
"https://openalex.org/W7203823884","2026-08-25","temas"
"https://openalex.org/W7203974828","2026-08-25","temas"
"https://openalex.org/W7203832433","2026-08-25","temas"
"https://openalex.org/W7204443438","2026-08-31","articulos"
"https://openalex.org/W7204603490","2026-08-31","articulos"
"https://openalex.org/W7203856525","2026-08-31","articulos"
"https://openalex.org/W7204456547","2026-08-31","articulos"
"https://openalex.org/W7204170657","2026-08-31","articulos"
"https://openalex.org/W7204220839","2026-08-31","articulos"
"https://openalex.org/W7204437831","2026-08-31","articulos"
"https://openalex.org/W7204462131","2026-08-31","articulos"
"https://openalex.org/W7204498200","2026-08-31","articulos"
"https://openalex.org/W7204499302","2026-08-31","articulos"
"https://openalex.org/W7204542099","2026-08-31","articulos"
"https://openalex.org/W7204469174","2026-08-31","temas"
"https://openalex.org/W7204234971","2026-08-31","temas"
"https://openalex.org/W7204241261","2026-08-31","temas"
"https://openalex.org/W7204626355","2026-08-31","temas"
"https://openalex.org/W7204692660","2026-08-31","temas"
"https://openalex.org/W7203856525","2026-08-31","temas"
"https://openalex.org/W7204456547","2026-08-31","temas"
"https://openalex.org/W7204213865","2026-08-31","temas"
"https://openalex.org/W7204481577","2026-08-31","temas"
"https://openalex.org/W7204167210","2026-08-31","temas"
"https://openalex.org/W7204253017","2026-08-31","temas"
"https://openalex.org/W7204491531","2026-08-31","temas"
"https://openalex.org/W7204179701","2026-08-31","temas"
"https://openalex.org/W7204459212","2026-08-31","temas"
"https://openalex.org/W7204652948","2026-08-31","temas"
"https://openalex.org/W7207828384","2026-09-07","articulos"
"https://openalex.org/W7204958618","2026-09-07","articulos"
"https://openalex.org/W7148184072","2026-09-07","articulos"
"https://openalex.org/W7167292880","2026-09-07","articulos"
"https://openalex.org/W7204853576","2026-09-07","articulos"
"https://openalex.org/W7204771404","2026-09-07","articulos"
"https://openalex.org/W7205001687","2026-09-07","articulos"
"https://openalex.org/W7207672988","2026-09-07","articulos"
"https://openalex.org/W7207833964","2026-09-07","articulos"
"https://openalex.org/W7204758493","2026-09-07","articulos"
"https://openalex.org/W7204908900","2026-09-07","articulos"
"https://openalex.org/W7165624510","2026-09-07","articulos"
"https://openalex.org/W7204763421","2026-09-07","articulos"
"https://openalex.org/W7208711921","2026-09-07","articulos"
"https://openalex.org/W7204883542","2026-09-07","articulos"
"https://openalex.org/W7204916423","2026-09-07","articulos"
"https://openalex.org/W7207879294","2026-09-07","temas"
"https://openalex.org/W7207542754","2026-09-07","temas"
"https://openalex.org/W7208757103","2026-09-07","temas"
"https://openalex.org/W7207526587","2026-09-07","temas"
"https://openalex.org/W7204998453","2026-09-07","temas"
"https://openalex.org/W7204828070","2026-09-07","temas"
"https://openalex.org/W7204853576","2026-09-07","temas"
"https://openalex.org/W7211955637","2026-09-14","articulos"
"https://openalex.org/W7211957827","2026-09-14","articulos"
"https://openalex.org/W7212305393","2026-09-14","articulos"
"https://openalex.org/W7212014261","2026-09-14","articulos"
"https://openalex.org/W7212010858","2026-09-14","articulos"
"https://openalex.org/W7212135715","2026-09-14","articulos"
"https://openalex.org/W7211961486","2026-09-14","articulos"
"https://openalex.org/W7212229375","2026-09-14","articulos"
"https://openalex.org/W7212309335","2026-09-14","articulos"
"https://openalex.org/W7212147417","2026-09-14","articulos"
"https://openalex.org/W7212381813","2026-09-14","articulos"
"https://openalex.org/W7211941969","2026-09-14","articulos"
"https://openalex.org/W7212026330","2026-09-14","articulos"
"https://openalex.org/W7212043250","2026-09-14","articulos"
"https://openalex.org/W7210284164","2026-09-14","articulos"
"https://openalex.org/W7212112008","2026-09-14","articulos"
"https://openalex.org/W7212400741","2026-09-14","articulos"
"https://openalex.org/W7211965243","2026-09-14","temas"
"https://openalex.org/W7212400741","2026-09-14","temas"
"https://openalex.org/W7211972566","2026-09-14","temas"
"https://openalex.org/W7211953450","2026-09-14","temas"
"https://openalex.org/W7211890254","2026-09-14","temas"
"https://openalex.org/W7212031009","2026-09-14","temas"
"https://openalex.org/W7210266228","2026-09-14","temas"
"https://openalex.org/W7212311023","2026-09-14","temas"
"https://openalex.org/W7212320843","2026-09-14","temas"
"https://openalex.org/W7212112008","2026-09-14","temas"
"https://openalex.org/W7212121861","2026-09-14","temas"
"https://openalex.org/W7212224693","2026-09-14","temas"
"https://openalex.org/W7210263760","2026-09-14","temas"
"https://openalex.org/W7213273078","2026-09-21","articulos"
"https://openalex.org/W7213448911","2026-09-21","articulos"
"https://openalex.org/W7213297208","2026-09-21","articulos"
"https://openalex.org/W7213452021","2026-09-21","articulos"
"https://openalex.org/W7213621275","2026-09-21","articulos"
"https://openalex.org/W7213268842","2026-09-21","articulos"
"https://openalex.org/W7213642693","2026-09-21","articulos"
"https://openalex.org/W7212685258","2026-09-21","articulos"
"https://openalex.org/W7213530381","2026-09-21","articulos"
"https://openalex.org/W7213365380","2026-09-21","articulos"
"https://openalex.org/W7213470138","2026-09-21","articulos"
"https://openalex.org/W7213636686","2026-09-21","articulos"
"https://openalex.org/W7213644488","2026-09-21","articulos"
"https://openalex.org/W7213644742","2026-09-21","articulos"
"https://openalex.org/W7213346705","2026-09-21","temas"
"https://openalex.org/W7213453028","2026-09-21","temas"
"https://openalex.org/W7213249141","2026-09-21","temas"
"https://openalex.org/W7213434556","2026-09-21","temas"
"https://openalex.org/W7213458566","2026-09-21","temas"
"https://openalex.org/W7213591923","2026-09-21","temas"
"https://openalex.org/W7213523548","2026-09-21","temas"
"https://openalex.org/W7213454630","2026-09-21","temas"
"https://openalex.org/W7213539198","2026-09-21","temas"
"https://openalex.org/W7213275463","2026-09-21","temas"
"https://openalex.org/W7213443524","2026-09-21","temas"
"https://openalex.org/W7213342428","2026-09-21","temas"
