Rank;Sourceid;Title;Type;Issn;Publisher;Open Access;Open Access Diamond;SJR;SJR Quartile;H index;Total Docs. (2025);Total Docs. (3years);Total Refs.;Total Citations (3years);Citable Docs. (3years);Citations / Doc. (2years);Ref. / Doc.;%Female;Overton;Country;Region;Publisher;Coverage;Categories;Areas
1;21101021641;"International Journal of Transgender Health";journal;"26895269, 26895277";"Routledge";No;No;2,285;Q1;66;280;152;13979;2616;141;12,62;49,93;55,72;6;United Kingdom;Western Europe;"Routledge";"2020-2026";"Gender Studies (Q1); Health Policy (Q1); Health (social science) (Q1); Medicine (miscellaneous) (Q1)";"Medicine; Social Sciences"
2;5700166179;"Politics and Gender";journal;"1743923X, 17439248";"Cambridge University Press";No;No;1,847;Q1;65;82;166;5232;717;146;3,23;63,80;66,18;0;United Kingdom;Western Europe;"Cambridge University Press";"2005-2026";"Gender Studies (Q1); Sociology and Political Science (Q1)";"Social Sciences"
3;14925;"Gender and Society";journal;"08912432, 15523977";"SAGE Publications Inc.";No;No;1,839;Q1;140;30;95;1935;506;90;4,62;64,50;75,56;2;United States;Northern America;"SAGE Publications Inc.";"1987-2026";"Arts and Humanities (miscellaneous) (Q1); Gender Studies (Q1); Sociology and Political Science (Q1)";"Arts and Humanities; Social Sciences"
4;21100283775;"Biology of Sex Differences";journal;"20426410";"BioMed Central Ltd";Yes;No;1,808;Q1;76;108;265;8292;1467;259;5,01;76,78;57,72;0;United Kingdom;Western Europe;"BioMed Central Ltd";"2010-2026";"Endocrinology (Q1); Gender Studies (Q1)";"Biochemistry, Genetics and Molecular Biology; Social Sciences"
5;19295;"Gender, Work and Organization";journal;"14680432, 09686673";"Wiley-Blackwell Publishing Ltd";No;No;1,769;Q1;108;155;382;11305;2044;364;5,28;72,94;76,22;9;United Kingdom;Western Europe;"Wiley-Blackwell Publishing Ltd";"1994-2026";"Gender Studies (Q1); Organizational Behavior and Human Resource Management (Q1)";"Business, Management and Accounting; Social Sciences"
6;21100830172;"Psychology of Sexual Orientation and Gender Diversity";journal;"23290382, 23290390";"American Psychological Association";No;No;1,255;Q1;61;100;236;6555;1107;236;3,37;65,55;56,85;0;United States;Northern America;"American Psychological Association";"2014-2025";"Gender Studies (Q1); Psychology (miscellaneous) (Q1)";"Psychology; Social Sciences"
7;14035;"Psychology of Women Quarterly";journal;"14716402, 03616843";"SAGE Publications Ltd";No;No;1,238;Q1;127;30;96;2230;434;93;4,21;74,33;79,78;0;United Kingdom;Western Europe;"SAGE Publications Ltd";"1976-2026";"Arts and Humanities (miscellaneous) (Q1); Developmental and Educational Psychology (Q1); Gender Studies (Q1); Psychology (miscellaneous) (Q1)";"Arts and Humanities; Psychology; Social Sciences"
8;14798;"Sex Roles";journal;"03600025, 15732762";"Springer New York";No;No;1,225;Q1;159;83;283;6272;1220;283;3,84;75,57;70,59;2;United States;Northern America;"Springer New York";"1975-2026";"Developmental and Educational Psychology (Q1); Gender Studies (Q1); Social Psychology (Q1)";"Psychology; Social Sciences"
9;30084;"Journal of Sex Research";journal;"00224499, 15598519";"Taylor and Francis Ltd.";No;No;1,098;Q1;145;215;328;15188;1384;314;4,03;70,64;62,92;5;United Kingdom;Western Europe;"Taylor and Francis Ltd.";"1965-2026";"Gender Studies (Q1); History and Philosophy of Science (Q1); Psychology (miscellaneous) (Q1); Sociology and Political Science (Q1)";"Arts and Humanities; Psychology; Social Sciences"
10;5700166815;"Sexuality Research and Social Policy";journal;"15536610, 18689884";"Springer New York";No;No;1,082;Q1;61;296;393;19698;1634;392;4,03;66,55;56,55;10;United States;Northern America;"Springer New York";"2005-2006, 2008-2026";"Gender Studies (Q1); Health (social science) (Q1); Sociology and Political Science (Q1)";"Social Sciences"
11;21100242611;"International Journal of Gender and Entrepreneurship";journal;"17566274, 17566266";"Emarald Group Publishing Ltd";No;No;1,055;Q1;56;60;70;5015;582;65;7,05;83,58;66,15;0;United Kingdom;Western Europe;"Emarald Group Publishing Ltd";"2009-2025";"Business and International Management (Q1); Gender Studies (Q1); Economics and Econometrics (Q2)";"Business, Management and Accounting; Economics, Econometrics and Finance; Social Sciences"
12;4400151519;"Journal of Women, Politics and Policy";journal;"15544788, 1554477X";"Routledge";No;No;1,026;Q1;43;22;95;1415;216;89;1,89;64,32;72,50;0;United States;Northern America;"Routledge";"2005-2026";"Gender Studies (Q1); Sociology and Political Science (Q1)";"Social Sciences"
13;5700168400;"Feminist Media Studies";journal;"14680777, 14715902";"Routledge";No;No;1,015;Q1;72;254;561;12319;1604;544;2,66;48,50;73,24;3;United Kingdom;Western Europe;"Routledge";"2001-2026";"Communication (Q1); Gender Studies (Q1); Visual Arts and Performing Arts (Q1)";"Arts and Humanities; Social Sciences"
14;21100979259;"Transgender Studies Quarterly";journal;"23289252, 23289260";"Duke University Press";No;No;0,974;Q1;21;46;125;1296;251;112;0,78;28,17;50,00;0;United States;Northern America;"Duke University Press";"2014, 2019-2025";"Cultural Studies (Q1); Gender Studies (Q1)";"Social Sciences"
15;14031;"Psychology of Men and Masculinity";journal;"1939151X, 15249220";"American Psychological Association";No;No;0,961;Q1;86;24;139;1636;420;138;2,01;68,17;57,50;0;United States;Northern America;"American Psychological Association";"2000-2025";"Gender Studies (Q1); Social Psychology (Q1); Applied Psychology (Q2); Life-span and Life-course Studies (Q2)";"Psychology; Social Sciences"
16;24274;"Social Politics";journal;"10724745, 14682893";"Oxford University Press";No;No;0,959;Q1;73;30;150;1897;452;147;2,99;63,23;93,62;1;United Kingdom;Western Europe;"Oxford University Press";"1994-2025";"Gender Studies (Q1); Social Sciences (miscellaneous) (Q1)";"Social Sciences"
17;21101021989;"European Journal of Politics and Gender";journal;"25151096, 25151088";"Bristol University Press";No;No;0,958;Q1;23;36;85;2456;259;70;1,93;68,22;75,44;0;United Kingdom;Western Europe;"Bristol University Press";"2018-2025";"Gender Studies (Q1); Political Science and International Relations (Q1); Sociology and Political Science (Q1)";"Social Sciences"
18;21255;"Feminist Economics";journal;"14664372, 13545701";"Routledge";No;No;0,954;Q1;80;34;107;2464;441;105;2,99;72,47;63,29;3;United Kingdom;Western Europe;"Routledge";"1995-2026";"Arts and Humanities (miscellaneous) (Q1); Business, Management and Accounting (miscellaneous) (Q1); Gender Studies (Q1); Economics and Econometrics (Q2)";"Arts and Humanities; Business, Management and Accounting; Economics, Econometrics and Finance; Social Sciences"
19;28149;"Affilia - Feminist Inquiry in Social Work";journal;"15523020, 08861099";"SAGE Publications Inc.";No;No;0,880;Q1;51;46;134;2477;429;122;2,82;53,85;81,48;0;United States;Northern America;"SAGE Publications Inc.";"1986-2026";"Gender Studies (Q1); Social Sciences (miscellaneous) (Q1); Social Work (Q1)";"Social Sciences"
20;21100197766;"Chinese Sociological Review";journal;"21620555, 21620563";"M.E. Sharpe Inc.";No;No;0,874;Q1;38;31;62;2023;178;62;1,34;65,26;40,30;0;United States;Northern America;"M.E. Sharpe Inc.";"2011-2026";"Anthropology (Q1); Demography (Q1); Gender Studies (Q1); Sociology and Political Science (Q1)";"Social Sciences"
21;19700187621;"Psychology and Sexuality";journal;"19419902, 19419899";"Routledge";No;No;0,873;Q1;47;98;182;6419;652;179;2,57;65,50;61,28;0;United Kingdom;Western Europe;"Routledge";"2010-2026";"Gender Studies (Q1); Health (social science) (Q1); Applied Psychology (Q2); Social Psychology (Q2)";"Psychology; Social Sciences"
22;18777;"Violence Against Women";journal;"10778012, 15528448";"SAGE Publications Inc.";No;No;0,862;Q1;126;355;534;21258;1766;522;3,09;59,88;79,75;17;United States;Northern America;"SAGE Publications Inc.";"1995-2026";"Gender Studies (Q1); Law (Q1); Sociology and Political Science (Q1)";"Social Sciences"
23;29390;"Gender and Education";journal;"13600516, 09540253";"Routledge";No;No;0,858;Q1;83;72;185;3944;651;182;3,25;54,78;76,40;3;United Kingdom;Western Europe;"Routledge";"1989-2026";"Education (Q1); Gender Studies (Q1)";"Social Sciences"
24;29972;"Journal of Homosexuality";journal;"15403602, 00918369";"Routledge";No;No;0,857;Q1;101;233;431;13158;1513;427;3,53;56,47;55,29;2;United States;Northern America;"Routledge";"1974, 1976-2026";"Education (Q1); Gender Studies (Q1); Medicine (miscellaneous) (Q2); Psychology (miscellaneous) (Q2); Social Psychology (Q2)";"Medicine; Psychology; Social Sciences"
25;11400153312;"Feminist Criminology";journal;"15570851, 1557086X";"SAGE Publications Ltd";No;No;0,856;Q1;51;41;75;2659;219;71;2,81;64,85;71,43;1;United Kingdom;Western Europe;"SAGE Publications Ltd";"2006-2026";"Gender Studies (Q1); Law (Q1)";"Social Sciences"
26;21101198446;"De Jure: Jurnal Hukum dan Syar'iah";journal;"20851618, 25281658";"Maulana Malik Ibrahim State Islamic University of Malang";No;No;0,853;Q1;13;25;70;1523;269;70;4,52;60,92;39,39;0;Indonesia;Asiatic Region;"Maulana Malik Ibrahim State Islamic University of Malang";"2020-2025";"Gender Studies (Q1); Law (Q1); Political Science and International Relations (Q1); Religious Studies (Q1)";"Arts and Humanities; Social Sciences"
27;21101198697;"El-Usrah";journal;"26208075, 26208083";"State Islamic University of Ar-Raniry Faculty of Sharia and Law";No;No;0,830;Q1;13;60;110;2997;364;110;4,49;49,95;34,19;0;Indonesia;Asiatic Region;"State Islamic University of Ar-Raniry Faculty of Sharia and Law";"2020-2025";"Anthropology (Q1); Gender Studies (Q1); Law (Q1); Social Sciences (miscellaneous) (Q1)";"Social Sciences"
28;11700154719;"Gender in Management";journal;"17542413";"Emerald Group Publishing Ltd.";No;No;0,822;Q1;76;69;186;4970;898;183;4,70;72,03;58,33;0;United Kingdom;Western Europe;"Emerald Group Publishing Ltd.";"2008-2026";"Business, Management and Accounting (miscellaneous) (Q1); Gender Studies (Q1)";"Business, Management and Accounting; Social Sciences"
29;144973;"Men and Masculinities";journal;"15526828, 1097184X";"SAGE Publications Inc.";No;No;0,811;Q1;82;50;107;2974;366;107;2,68;59,48;57,45;0;United States;Northern America;"SAGE Publications Inc.";"1998-2026";"Gender Studies (Q1); History (Q1); Literature and Literary Theory (Q1); Sociology and Political Science (Q1)";"Arts and Humanities; Social Sciences"
30;23704;"Journal of Gender Studies";journal;"14653869, 09589236";"Routledge";No;No;0,807;Q1;60;199;253;11434;899;228;2,45;57,46;68,06;3;United Kingdom;Western Europe;"Routledge";"1991-2026";"Arts and Humanities (miscellaneous) (Q1); Gender Studies (Q1); Social Sciences (miscellaneous) (Q1)";"Arts and Humanities; Social Sciences"
31;24273;"Signs";journal;"15456943, 00979740";"University of Chicago Press";No;No;0,806;Q1;96;51;126;2118;247;109;1,69;41,53;90,74;0;United States;Northern America;"University of Chicago Press";"1979, 1985-1987, 1989, 1991, 1993, 1996, 1998-2026";"Arts and Humanities (miscellaneous) (Q1); Gender Studies (Q1)";"Arts and Humanities; Social Sciences"
32;21100873344;"Transgender Health";journal;"2380193X";"Mary Ann Liebert Inc.";Yes;No;0,799;Q1;51;90;239;3310;810;232;3,02;36,78;56,00;3;United States;Northern America;"Mary Ann Liebert Inc.";"2016-2025";"Gender Studies (Q1); Medicine (miscellaneous) (Q2)";"Medicine; Social Sciences"
33;14172;"Feminism and Psychology";journal;"14617161, 09593535";"SAGE Publications Ltd";No;No;0,787;Q1;73;40;91;2349;319;89;2,90;58,73;82,18;0;United Kingdom;Western Europe;"SAGE Publications Ltd";"1991-2026";"Arts and Humanities (miscellaneous) (Q1); Gender Studies (Q1); Psychology (miscellaneous) (Q2)";"Arts and Humanities; Psychology; Social Sciences"
34;15900154722;"Journal of LGBT Youth";journal;"19361661, 19361653";"Routledge";No;No;0,761;Q1;52;6;136;372;463;133;3,22;62,00;43,75;0;United States;Northern America;"Routledge";"2008-2025";"Education (Q1); Gender Studies (Q1)";"Social Sciences"
35;23638;"Gender, Place and Culture";journal;"0966369X, 13600524";"Routledge";No;No;0,760;Q1;90;112;259;6746;698;253;2,43;60,23;79,51;0;United Kingdom;Western Europe;"Routledge";"1994-2026";"Arts and Humanities (miscellaneous) (Q1); Cultural Studies (Q1); Demography (Q1); Gender Studies (Q1)";"Arts and Humanities; Social Sciences"
36;145733;"Sexualities";journal;"14617382, 13634607";"SAGE Publications Ltd";No;No;0,742;Q1;79;152;223;8926;652;208;2,86;58,72;65,73;3;United Kingdom;Western Europe;"SAGE Publications Ltd";"1998-2026";"Anthropology (Q1); Gender Studies (Q1)";"Social Sciences"
37;5700161890;"International Feminist Journal of Politics";journal;"14684470, 14616742";"Routledge";No;No;0,718;Q1;66;58;148;3230;359;108;2,23;55,69;85,29;5;United Kingdom;Western Europe;"Routledge";"1999-2026";"Arts and Humanities (miscellaneous) (Q1); Gender Studies (Q1); Political Science and International Relations (Q1); Sociology and Political Science (Q1)";"Arts and Humanities; Social Sciences"
38;5200152634;"Journal of Women and Minorities in Science and Engineering";journal;"10728325";"Begell House Inc.";No;No;0,712;Q1;35;24;87;1588;206;84;1,67;66,17;80,88;0;United States;Northern America;"Begell House Inc.";"1999, 2001, 2006-2026";"Engineering (miscellaneous) (Q1); Gender Studies (Q1)";"Engineering; Social Sciences"
39;19700170190;"Journal of Men's Studies";journal;"10608265, 19330251";"SAGE Publications Inc.";No;No;0,706;Q1;27;39;75;2550;227;73;2,37;65,38;49,44;1;United Kingdom;Western Europe;"SAGE Publications Inc.";"2008, 2012-2026";"Cultural Studies (Q1); Gender Studies (Q1); Social Psychology (Q2)";"Psychology; Social Sciences"
40;19900191744;"Equality, Diversity and Inclusion";journal;"17587093, 20407149";"Emerald Publishing";No;No;0,698;Q1;50;160;255;10350;897;245;2,90;64,69;64,43;0;United Kingdom;Western Europe;"Emerald Publishing";"1989-1994, 1996-2003, 2010-2026";"Cultural Studies (Q1); Gender Studies (Q1); Sociology and Political Science (Q1); Organizational Behavior and Human Resource Management (Q2)";"Business, Management and Accounting; Social Sciences"
41;4700152759;"Journal of Bisexuality";journal;"15299716, 15299724";"Routledge";No;No;0,695;Q1;49;41;75;2694;160;73;2,05;65,71;64,95;0;United Kingdom;Western Europe;"Routledge";"2000-2026";"Cultural Studies (Q1); Gender Studies (Q1)";"Social Sciences"
42;21101091647;"LGBTQ+ Family: An Interdisciplinary Journal";journal;"27703371, 2770338X";"Routledge";No;No;0,687;Q1;50;56;81;3194;264;81;2,68;57,04;61,21;0;United Kingdom;Western Europe;"Routledge";"2022-2026";"Gender Studies (Q1); Social Sciences (miscellaneous) (Q1)";"Social Sciences"
43;145138;"Sexuality and Culture";journal;"10955143";"Springer New York";No;No;0,676;Q1;48;210;364;13246;945;356;2,35;63,08;62,13;2;United States;Northern America;"Springer New York";"2003, 2005-2026";"Cultural Studies (Q1); Gender Studies (Q1)";"Social Sciences"
44;21101147579;"Feminist Anthropology";journal;"26437961";"John Wiley and Sons Inc";No;No;0,672;Q1;16;33;83;1544;186;74;1,96;46,79;90,63;0;United States;Northern America;"John Wiley and Sons Inc";"2020-2026";"Anthropology (Q1); Gender Studies (Q1)";"Social Sciences"
45;21100939605;"Journal of Language and Sexuality";journal;"22113770, 22113789";"John Benjamins Publishing Company";No;No;0,672;Q1;11;10;33;457;83;33;0,85;45,70;58,33;0;Netherlands;Western Europe;"John Benjamins Publishing Company";"2014, 2019-2026";"Anthropology (Q1); Gender Studies (Q1); Linguistics and Language (Q1)";"Social Sciences"
46;23723;"Journal of Women and Aging";journal;"15407322, 08952841";"Routledge";No;No;0,650;Q1;45;30;138;1619;302;133;2,24;53,97;75,61;0;United States;Northern America;"Routledge";"1989-2026";"Gender Studies (Q1); Geriatrics and Gerontology (Q3)";"Medicine; Social Sciences"
47;7100153131;"International Journal of Sexual Health";journal;"1931762X, 19317611";"Routledge";No;No;0,645;Q1;54;91;143;5538;376;143;2,64;60,86;58,61;0;United States;Northern America;"Routledge";"2007-2026";"Gender Studies (Q1); Dermatology (Q2); Public Health, Environmental and Occupational Health (Q2); Reproductive Medicine (Q2); Social Psychology (Q2)";"Medicine; Psychology; Social Sciences"
48;24359;"Women's Studies International Forum";journal;"02775395";"Elsevier Ltd";No;No;0,635;Q1;81;138;330;9113;992;322;2,80;66,04;67,97;0;United Kingdom;Western Europe;"Elsevier Ltd";"1982-2026";"Gender Studies (Q1); Law (Q1); Sociology and Political Science (Q1); Development (Q2); Education (Q2)";"Social Sciences"
49;700147308;"Feminist Theory";journal;"17412773, 14647001";"SAGE Publications Ltd";No;No;0,634;Q1;57;81;112;3796;298;110;2,31;46,86;86,79;0;United Kingdom;Western Europe;"SAGE Publications Ltd";"2000-2026";"Gender Studies (Q1)";"Social Sciences"
50;4700152403;"Journal of Gay and Lesbian Social Services";journal;"15404056, 10538720";"Routledge";No;No;0,632;Q1;51;0;75;0;202;75;2,32;0,00;0,00;0;United States;Northern America;"Routledge";"1994-2023";"Gender Studies (Q1); Sociology and Political Science (Q1)";"Social Sciences"
51;144966;"Feminist Legal Studies";journal;"15728455, 09663622";"Springer Science and Business Media B.V.";No;No;0,631;Q1;42;30;53;1625;106;39;1,87;54,17;62,96;0;Netherlands;Western Europe;"Springer Science and Business Media B.V.";"1993-2002, 2005-2025";"Gender Studies (Q1)";"Social Sciences"
52;23699;"Hypatia";journal;"08875367, 15272001";"Cambridge University Press";No;No;0,631;Q1;55;84;150;5141;332;145;2,02;61,20;75,00;0;United States;Northern America;"Cambridge University Press";"1986-1999, 2001-2002, 2004, 2006-2007, 2011-2026";"Gender Studies (Q1); Philosophy (Q1)";"Arts and Humanities; Social Sciences"
53;15508;"Journal of General Psychology";journal;"00221309, 19400888";"Taylor and Francis Ltd.";No;No;0,623;Q1;58;40;77;2676;187;77;1,84;66,90;50,74;0;United Kingdom;Western Europe;"Taylor and Francis Ltd.";"1928-1954, 1956-2026";"Arts and Humanities (miscellaneous) (Q1); Gender Studies (Q1); Experimental and Cognitive Psychology (Q3)";"Arts and Humanities; Psychology; Social Sciences"
54;21100929579;"Secularism and Nonreligion";journal;"20536712";"Ubiquity Press";Yes;No;0,613;Q1;9;6;13;366;22;13;2,00;61,00;33,33;0;United Kingdom;Western Europe;"Ubiquity Press";"2019-2025";"Anthropology (Q1); Gender Studies (Q1); History (Q1); Philosophy (Q1); Religious Studies (Q1); Sociology and Political Science (Q2)";"Arts and Humanities; Social Sciences"
55;21101209992;"Al-'Adalah";journal;"08541272, 2614171X";"Universitas Islam Negeri Raden Intan Lampung";Yes;Yes;0,606;Q2;7;18;60;998;158;60;3,35;55,44;40,00;0;Indonesia;Asiatic Region;"Universitas Islam Negeri Raden Intan Lampung";"2020-2025";"Law (Q1); Religious Studies (Q1); Gender Studies (Q2)";"Arts and Humanities; Social Sciences"
56;23636;"Gender Issues";journal;"19364717, 1098092X";"Springer New York";No;No;0,602;Q2;40;40;64;2942;207;64;2,59;73,55;60,19;2;United States;Northern America;"Springer New York";"1997-2003, 2005-2026";"Gender Studies (Q2)";"Social Sciences"
57;21568;"Monthly Review";journal;"00270520";"Monthly Review Press";No;No;0,596;Q2;46;54;154;1550;166;120;1,12;28,70;26,67;0;United States;Northern America;"Monthly Review Press";"1977, 1980-1982, 1984, 1987, 1996-2020, 2022-2026";"Gender Studies (Q2); Geography, Planning and Development (Q2); Management, Monitoring, Policy and Law (Q2); Sociology and Political Science (Q2)";"Environmental Science; Social Sciences"
58;4700152421;"Journal of Lesbian Studies";journal;"15403548, 10894160";"Routledge";No;No;0,578;Q2;44;54;109;1616;159;93;1,44;29,93;81,48;0;United States;Northern America;"Routledge";"1996-2026";"Gender Studies (Q2); Medicine (miscellaneous) (Q2)";"Medicine; Social Sciences"
59;23134;"European Journal of Women's Studies";journal;"13505068, 14617420";"SAGE Publications Ltd";No;No;0,567;Q2;62;36;137;1238;261;102;1,76;34,39;87,18;0;United Kingdom;Western Europe;"SAGE Publications Ltd";"1994-2026";"Arts and Humanities (miscellaneous) (Q1); Gender Studies (Q2)";"Arts and Humanities; Social Sciences"
60;26847;"Women and Criminal Justice";journal;"08974454, 15410323";"Routledge";No;No;0,528;Q2;39;56;96;3923;201;95;1,90;70,05;76,39;0;United States;Northern America;"Routledge";"1989-2026";"Law (Q1); Gender Studies (Q2)";"Social Sciences"
61;21100455449;"Porn Studies";journal;"23268743, 23268751";"Taylor and Francis Ltd.";No;No;0,527;Q2;28;81;115;3576;169;94;1,50;44,15;53,06;0;United Kingdom;Western Europe;"Taylor and Francis Ltd.";"2014-2026";"Cultural Studies (Q1); Gender Studies (Q2); Social Psychology (Q3)";"Psychology; Social Sciences"
62;23043;"Asian Journal of Women's Studies";journal;"12259276";"Taylor and Francis Ltd.";No;No;0,521;Q2;22;22;68;965;111;64;1,73;43,86;72,41;0;United Kingdom;Western Europe;"Taylor and Francis Ltd.";"1996-2026";"Gender Studies (Q2)";"Social Sciences"
63;23641;"Gender, Technology and Development";journal;"09718524, 09730656";"Routledge";No;No;0,513;Q2;37;22;69;1326;184;68;1,71;60,27;62,50;0;United Kingdom;Western Europe;"Routledge";"1997-2026";"Development (Q2); Gender Studies (Q2)";"Social Sciences"
64;15418;"Women and Therapy";journal;"02703149, 15410315";"Routledge";No;No;0,485;Q2;42;25;70;1436;120;64;1,54;57,44;83,08;0;United States;Northern America;"Routledge";"1982-2026";"Gender Studies (Q2); Psychology (miscellaneous) (Q3)";"Psychology; Social Sciences"
65;21100901675;"Women in Sport and Physical Activity Journal";journal;"10636161, 19381581";"Human Kinetics Publishers Inc.";No;No;0,472;Q2;18;49;86;2662;142;82;1,71;54,33;62,12;0;United States;Northern America;"Human Kinetics Publishers Inc.";"2018-2026";"Education (Q2); Gender Studies (Q2); Physical Therapy, Sports Therapy and Rehabilitation (Q2)";"Health Professions; Social Sciences"
66;21100903821;"International Journal of Society, Culture and Language";journal;"23292210";"Lulu Press Inc";Yes;Yes;0,431;Q2;14;48;154;2162;270;154;1,75;45,04;54,96;0;United States;Northern America;"Lulu Press Inc";"2019-2025";"Anthropology (Q1); Linguistics and Language (Q1); Education (Q2); Gender Studies (Q2)";"Social Sciences"
67;21101028118;"Journal of Gender-Based Violence";journal;"23986808, 23986816";"Bristol University Press";No;No;0,425;Q2;21;39;99;1855;166;89;1,32;47,56;82,29;0;United Kingdom;Western Europe;"Bristol University Press";"2017-2026";"Gender Studies (Q2); Law (Q2)";"Social Sciences"
68;19700169834;"Gender and Language";journal;"1747633X, 17476321";"University of Toronto Press";No;No;0,419;Q2;23;5;74;319;109;73;1,29;63,80;87,50;0;United Kingdom;Western Europe;"University of Toronto Press";"2008, 2010, 2013-2025";"Linguistics and Language (Q1); Philosophy (Q1); Gender Studies (Q2)";"Arts and Humanities; Social Sciences"
69;19900191819;"Women's Studies in Communication";journal;"07491409, 2152999X";"Taylor and Francis Ltd.";No;No;0,417;Q2;39;35;92;1641;132;81;1,34;46,89;73,53;0;United Kingdom;Western Europe;"Taylor and Francis Ltd.";"1977-1979, 1981-2026";"Communication (Q2); Gender Studies (Q2)";"Social Sciences"
70;19700169884;"NORA - Nordic Journal of Feminist and Gender Research";journal;"08038740, 1502394X";"Routledge";No;No;0,409;Q2;37;51;87;2638;126;73;1,58;51,73;87,64;2;United Kingdom;Western Europe;"Routledge";"1993-2026";"Gender Studies (Q2)";"Social Sciences"
71;23596;"Feminist Review";journal;"14664380, 01417789";"Palgrave Macmillan Ltd.";No;No;0,408;Q2;66;22;97;717;115;83;1,18;32,59;95,24;0;United Kingdom;Western Europe;"Palgrave Macmillan Ltd.";"1994-2026";"Arts and Humanities (miscellaneous) (Q1); Gender Studies (Q2)";"Arts and Humanities; Social Sciences"
72;12100155734;"Ethnography and Education";journal;"17457823, 17457831";"Routledge";No;No;0,399;Q2;29;53;73;2484;119;70;1,33;46,87;65,82;1;United Kingdom;Western Europe;"Routledge";"2010-2026";"Cultural Studies (Q1); Education (Q2); Gender Studies (Q2)";"Social Sciences"
73;21101030204;"Journal of Women's Entrepreneurship and Education";journal;"18211283, 24060674";"Institute of Economic Sciences";Yes;No;0,399;Q2;12;25;81;1026;191;73;2,47;41,04;50,98;0;Serbia;Eastern Europe;"Institute of Economic Sciences";"2019-2025";"Business, Management and Accounting (miscellaneous) (Q2); Education (Q2); Gender Studies (Q2)";"Business, Management and Accounting; Social Sciences"
74;21100938252;"Journal of Women and Gender in Higher Education";journal;"26379112, 26379120";"Taylor and Francis Inc.";No;No;0,398;Q2;20;23;59;1284;101;56;1,53;55,83;71,43;0;United States;Northern America;"Taylor and Francis Inc.";"2019-2026";"Education (Q2); Gender Studies (Q2)";"Social Sciences"
75;21101107566;"Jurnal Ilmiah Islam Futura";journal;"14121190, 24077542";"Universitas Islam Negeri Ar-Raniry";Yes;Yes;0,386;Q2;10;20;63;995;130;63;2,34;49,75;32,08;0;Indonesia;Asiatic Region;"Universitas Islam Negeri Ar-Raniry";"2019-2026";"Arts and Humanities (miscellaneous) (Q1); Philosophy (Q1); Religious Studies (Q1); Education (Q2); Gender Studies (Q2)";"Arts and Humanities; Social Sciences"
76;21101306748;"Journal of Digital Social Research";journal;"20031998";"DIGSUM (Centre for Digital Social Research), Umea University";Yes;No;0,383;Q2;10;17;83;993;151;83;1,66;58,41;55,56;0;Sweden;Western Europe;"DIGSUM (Centre for Digital Social Research), Umea University";"2021-2025";"Communication (Q2); Gender Studies (Q2); Sociology and Political Science (Q2)";"Social Sciences"
77;21101185302;"Al-Ahwal";journal;"2085627X, 25286617";"Al-Ahwal Research Centre Department of Islamic Family Law, Faculty of Sharia and Law, UIN Sunan Kalijaga";Yes;No;0,382;Q2;8;5;48;227;50;48;1,28;45,40;36,36;0;Indonesia;Asiatic Region;"Al-Ahwal Research Centre Department of Islamic Family Law, Faculty of Sharia and Law, UIN Sunan Kalijaga";"2019-2025";"Arts and Humanities (miscellaneous) (Q1); Religious Studies (Q1); Gender Studies (Q2); Law (Q2)";"Arts and Humanities; Social Sciences"
78;21101318131;"Agricultural and Rural Studies";journal;"29599784";"SCC PRESS";No;No;0,379;Q2;6;22;42;1413;96;39;2,29;64,23;36,92;0;Hong Kong;Asiatic Region;"SCC PRESS";"2023-2026";"Economics, Econometrics and Finance (miscellaneous) (Q2); Gender Studies (Q2); Geography, Planning and Development (Q2)";"Economics, Econometrics and Finance; Social Sciences"
79;21100790313;"Interpersona";journal;"19816472";"Study Group on Assessment, Therapy and Emotions";Yes;Yes;0,368;Q2;13;18;48;975;56;47;1,10;54,17;41,30;0;Germany;Western Europe;"Study Group on Assessment, Therapy and Emotions";"2016-2025";"Cultural Studies (Q1); Anthropology (Q2); Gender Studies (Q2); Developmental and Educational Psychology (Q3); Social Psychology (Q3)";"Psychology; Social Sciences"
80;21100425898;"Fat Studies";journal;"2160486X, 21604851";"Taylor and Francis Ltd.";No;No;0,366;Q2;24;36;88;1489;123;82;1,33;41,36;75,00;1;United Kingdom;Western Europe;"Taylor and Francis Ltd.";"2012-2026";"Cultural Studies (Q1); Anthropology (Q2); Gender Studies (Q2); Health (social science) (Q3); Nutrition and Dietetics (Q3); Social Psychology (Q3)";"Nursing; Psychology; Social Sciences"
81;21101284640;"Discover Global Society";journal;"27319687";"Springer Nature";Yes;No;0,356;Q2;8;179;129;11264;246;128;1,91;62,93;36,83;1;Netherlands;Western Europe;"Springer Nature";"2023-2026";"Anthropology (Q2); Gender Studies (Q2); Social Sciences (miscellaneous) (Q2); Sociology and Political Science (Q2)";"Social Sciences"
82;23634;"Gender and Development";journal;"13552074, 13649221";"Routledge";No;No;0,356;Q2;58;33;133;1087;266;108;0,92;32,94;87,50;2;United Kingdom;Western Europe;"Routledge";"1993-2025";"Gender Studies (Q2); Geography, Planning and Development (Q2); Development (Q3)";"Social Sciences"
83;19900191409;"Partner Abuse";journal;"19466560, 19466579";"Springer Publishing Company";No;No;0,355;Q2;16;30;77;2039;96;77;1,06;67,97;68,60;0;United States;Northern America;"Springer Publishing Company";"2011, 2017-2026";"Gender Studies (Q2); Law (Q2); Clinical Psychology (Q3); Health (social science) (Q3); Pediatrics, Perinatology and Child Health (Q3); Social Psychology (Q3)";"Medicine; Psychology; Social Sciences"
84;4700152783;"Journal of Couple and Relationship Therapy";journal;"15332683, 15332691";"Routledge";No;No;0,354;Q2;31;21;58;1062;84;57;1,31;50,57;58,90;0;United States;Northern America;"Routledge";"2002-2026";"Gender Studies (Q2); Social Sciences (miscellaneous) (Q2); Applied Psychology (Q3); Social Psychology (Q3)";"Psychology; Social Sciences"
85;21101177511;"Journal of LGBTQ Issues in Counseling";journal;"26924951, 2692496X";"Routledge";No;No;0,350;Q2;39;34;84;1323;93;69;1,04;38,91;64,95;0;United Kingdom;Western Europe;"Routledge";"2021-2026";"Gender Studies (Q2); Applied Psychology (Q3); Clinical Psychology (Q3); Psychiatry and Mental Health (Q3)";"Medicine; Psychology; Social Sciences"
86;12900154715;"International Journal of Ageing and Later Life";journal;"16528670";"Linkoping University Electronic Press";Yes;Yes;0,346;Q2;25;7;21;418;35;20;0,33;59,71;57,14;0;Sweden;Western Europe;"Linkoping University Electronic Press";"2008-2025";"Cultural Studies (Q1); Gender Studies (Q2); Health (social science) (Q3); Life-span and Life-course Studies (Q3)";"Social Sciences"
87;21100468901;"Retos";journal;"19882041, 15791726";"Federacion Espanola de Docentes de Educacion Fisica";Yes;No;0,337;Q2;35;578;2118;25622;3026;2118;1,46;44,33;33,86;2;Spain;Western Europe;"Federacion Espanola de Docentes de Educacion Fisica";"2016-2025";"Cultural Studies (Q1); Gender Studies (Q2); Pharmacy (Q2); Education (Q3); Orthopedics and Sports Medicine (Q3); Physical Therapy, Sports Therapy and Rehabilitation (Q3); Rehabilitation (Q3)";"Health Professions; Medicine; Social Sciences"
88;21101158599;"Society Register";journal;"25445502";"Uniwersytet im. Adama Mickiewicza w Poznaniu";Yes;Yes;0,335;Q2;8;14;32;764;70;32;2,19;54,57;50,00;1;Poland;Eastern Europe;"Uniwersytet im. Adama Mickiewicza w Poznaniu";"2023-2025";"Cultural Studies (Q1); Gender Studies (Q2); Political Science and International Relations (Q2); Sociology and Political Science (Q2)";"Social Sciences"
89;21100899527;"Australian Feminist Law Journal";journal;"22040064, 13200968";"Routledge";No;No;0,315;Q2;10;11;42;269;54;37;0,96;24,45;68,75;0;Australia;Pacific Region;"Routledge";"2018-2026";"Literature and Literary Theory (Q1); Gender Studies (Q2); Law (Q2); Sociology and Political Science (Q2); Psychology (miscellaneous) (Q3)";"Arts and Humanities; Psychology; Social Sciences"
90;21100461324;"NORMA";journal;"18902146, 18902138";"Taylor and Francis Ltd.";No;No;0,315;Q2;25;34;61;2087;114;49;1,76;61,38;56,86;1;United Kingdom;Western Europe;"Taylor and Francis Ltd.";"2014-2026";"Gender Studies (Q2)";"Social Sciences"
91;21101039844;"International Journal of Men's Social and Community Health";journal;"25619179";"University of Toronto Press";Yes;No;0,311;Q2;10;10;21;547;28;19;0,86;54,70;41,46;0;Canada;Northern America;"University of Toronto Press";"2018-2025";"Gender Studies (Q2); Social Sciences (miscellaneous) (Q2); Health (social science) (Q3)";"Social Sciences"
92;21100983148;"Social Text";journal;"01642472, 15271951";"Duke University Press";No;No;0,302;Q2;16;19;62;1133;63;56;0,93;59,63;23,81;0;United States;Northern America;"Duke University Press";"2019-2025";"Cultural Studies (Q1); Anthropology (Q2); Gender Studies (Q2)";"Social Sciences"
93;21101044834;"Iconos";journal;"13901249, 13908065";"FLACSO Ecuador";Yes;Yes;0,301;Q2;9;33;99;1415;74;93;0,50;42,88;58,33;0;Ecuador;Latin America;"FLACSO Ecuador";"2019-2026";"Anthropology (Q2); Gender Studies (Q2); Social Sciences (miscellaneous) (Q2); Sociology and Political Science (Q2)";"Social Sciences"
94;21100801744;"Violence and Gender";journal;"23267852, 23267836";"Mary Ann Liebert Inc.";No;No;0,301;Q2;26;16;79;662;78;75;1,09;41,38;61,40;0;United States;Northern America;"Mary Ann Liebert Inc.";"2014-2025";"Cultural Studies (Q1); Gender Studies (Q2); Health (social science) (Q3); Psychiatry and Mental Health (Q3); Social Psychology (Q3)";"Medicine; Psychology; Social Sciences"
95;21101089566;"Sexuality, Gender and Policy";journal;"26395355";"John Wiley and Sons Inc";No;No;0,300;Q2;7;39;57;1553;61;48;0,96;39,82;36,67;0;United States;Northern America;"John Wiley and Sons Inc";"2017, 2019-2026";"Cultural Studies (Q1); Gender Studies (Q2); Political Science and International Relations (Q2); Social Sciences (miscellaneous) (Q2)";"Social Sciences"
96;5800207412;"Journal of Intercultural Communication";journal;"14041634";"Immigrant Institutet";No;No;0,299;Q2;14;56;137;3084;222;137;1,66;55,07;53,78;0;Sweden;Western Europe;"Immigrant Institutet";"2011-2026";"Cultural Studies (Q1); Communication (Q2); Gender Studies (Q2); Linguistics and Language (Q2); Education (Q3); Public Administration (Q3); Strategy and Management (Q3)";"Business, Management and Accounting; Social Sciences"
97;21100901465;"Generos";journal;"20143613";"Hipatia Editorial";Yes;Yes;0,297;Q2;9;12;36;543;46;36;0,96;45,25;73,17;0;Spain;Western Europe;"Hipatia Editorial";"2018-2025";"Gender Studies (Q2); Education (Q3)";"Social Sciences"
98;21100444326;"Masculinities and Social Change";journal;"20143605";"Hipatia Editorial";Yes;Yes;0,293;Q2;18;15;36;871;44;36;1,46;58,07;50,00;0;Spain;Western Europe;"Hipatia Editorial";"2012-2025";"Gender Studies (Q2)";"Social Sciences"
99;23703;"Journal of Feminist Family Therapy";journal;"15404099, 08952833";"Routledge";No;No;0,292;Q2;25;11;44;539;63;41;0,86;49,00;75,00;0;United States;Northern America;"Routledge";"1989-2026";"Gender Studies (Q2); Applied Psychology (Q3)";"Psychology; Social Sciences"
100;29366;"GLQ";journal;"15279375, 10642684";"Duke University Press";No;No;0,285;Q2;55;23;84;1054;78;76;0,88;45,83;33,33;0;United States;Northern America;"Duke University Press";"1996, 1998-2001, 2003-2026";"Cultural Studies (Q1); Gender Studies (Q2)";"Social Sciences"
101;21101105301;"Women, Gender and Research";journal;"22456937";"Kobenhavns Universitet";Yes;Yes;0,280;Q2;6;18;73;861;62;59;0,81;47,83;80,77;0;Denmark;Western Europe;"Kobenhavns Universitet";"2019-2025";"Gender Studies (Q2)";"Social Sciences"
102;5600155076;"Revista de Estudios Sociales";journal;"19005180, 0123885X";"Universidad de los Andes, Colombia";Yes;Yes;0,279;Q2;22;36;95;1913;101;95;1,00;53,14;38,46;0;Colombia;Latin America;"Universidad de los Andes, Colombia";"2007, 2009-2026";"Cultural Studies (Q1); History (Q1); Arts and Humanities (miscellaneous) (Q2); Gender Studies (Q2); Social Sciences (miscellaneous) (Q2); Sociology and Political Science (Q3)";"Arts and Humanities; Social Sciences"
103;21101103382;"Agenda";journal;"2158978X, 10130950";"Taylor and Francis Ltd.";No;No;0,278;Q2;35;12;114;522;99;90;0,90;43,50;47,83;0;United Kingdom;Western Europe;"Taylor and Francis Ltd.";"1987-2026";"Gender Studies (Q2)";"Social Sciences"
104;145252;"Journal of International Women's Studies";journal;"15398706";"Bridgewater State College";Yes;No;0,267;Q2;38;60;453;2410;465;447;0,88;40,17;72,15;0;United States;Northern America;"Bridgewater State College";"2002-2025";"Gender Studies (Q2)";"Social Sciences"
105;21100400185;"Girlhood Studies";journal;"19388209, 19388322";"Berghahn Journals";No;No;0,262;Q2;16;29;90;936;57;76;0,42;32,28;77,27;0;United Kingdom;Western Europe;"Berghahn Journals";"2014-2025";"Gender Studies (Q2); Education (Q3); Sociology and Political Science (Q3); Developmental and Educational Psychology (Q4); Life-span and Life-course Studies (Q4); Social Psychology (Q4)";"Psychology; Social Sciences"
106;21101301814;"Business Ethics and Leadership";journal;"25206311, 25206761";"Academic Research and Publishing UG";Yes;No;0,260;Q2;14;76;156;3740;345;156;2,50;49,21;47,83;0;Germany;Western Europe;"Academic Research and Publishing UG";"2019-2025";"Gender Studies (Q2); Law (Q2); Business, Management and Accounting (miscellaneous) (Q3); Decision Sciences (miscellaneous) (Q3); Issues, Ethics and Legal Aspects (Q3); Organizational Behavior and Human Resource Management (Q3); Social Sciences (miscellaneous) (Q3); Sociology and Political Science (Q3)";"Business, Management and Accounting; Decision Sciences; Nursing; Social Sciences"
107;19700171309;"Studies in Social Justice";journal;"19114788";"Social Justice Research Institute";Yes;Yes;0,257;Q2;26;38;136;1833;144;131;0,47;48,24;71,23;0;Canada;Northern America;"Social Justice Research Institute";"2009-2025";"Gender Studies (Q2); Law (Q2); Sociology and Political Science (Q3)";"Social Sciences"
108;18645;"Studies in Gender and Sexuality";journal;"19409206, 15240657";"Taylor and Francis Ltd.";No;No;0,252;Q2;22;48;109;1229;45;90;0,35;25,60;46,51;0;United Kingdom;Western Europe;"Taylor and Francis Ltd.";"2002, 2005-2025";"Gender Studies (Q2)";"Social Sciences"
109;21101170721;"DiGeSt - Journal of Diversity and Gender Studies";journal;"25930281, 25930273";"Universiteit Gent";Yes;Yes;0,251;Q2;9;20;53;691;63;42;1,22;34,55;72,73;0;Belgium;Western Europe;"Universiteit Gent";"2019-2025";"Cultural Studies (Q1); Anthropology (Q2); Gender Studies (Q2); Political Science and International Relations (Q3)";"Social Sciences"
110;23058;"Australian Feminist Studies";journal;"08164649, 14653303";"Routledge";No;No;0,250;Q3;39;45;89;2326;90;80;0,70;51,69;55,41;0;United Kingdom;Western Europe;"Routledge";"1985-2026";"Gender Studies (Q3)";"Social Sciences"
111;5700153725;"Representations";journal;"07346018, 1533855X";"University of California Press";No;No;0,250;Q3;46;19;86;1301;72;84;0,53;68,47;31,25;0;United States;Northern America;"University of California Press";"1983-2026";"Arts and Humanities (miscellaneous) (Q2); Cultural Studies (Q2); Gender Studies (Q3); Sociology and Political Science (Q3)";"Arts and Humanities; Social Sciences"
112;21101133629;"Eunomia. Revista en Cultura de la Legalidad";journal;"22536655";"Universidad Carlos III de Madrid";Yes;Yes;0,246;Q3;9;42;170;1815;56;164;0,39;43,21;31,71;0;Spain;Western Europe;"Universidad Carlos III de Madrid";"2019-2025";"Law (Q2); Gender Studies (Q3); Public Administration (Q3); Social Sciences (miscellaneous) (Q3)";"Social Sciences"
113;21101114186;"Comparative Southeast European Studies";journal;"27018199, 27018202";"Walter de Gruyter GmbH";Yes;Yes;0,241;Q3;11;22;79;860;90;78;1,10;39,09;34,48;1;Germany;Western Europe;"Walter de Gruyter GmbH";"2010, 2021-2025";"History (Q1); Anthropology (Q2); Cultural Studies (Q2); Law (Q2); Economics, Econometrics and Finance (miscellaneous) (Q3); Gender Studies (Q3); Political Science and International Relations (Q3); Sociology and Political Science (Q3)";"Arts and Humanities; Economics, Econometrics and Finance; Social Sciences"
114;5700163965;"NAN NU";journal;"15685268, 13876805";"Brill Academic Publishers";No;No;0,230;Q3;15;9;31;1131;17;24;0,48;125,67;60,00;0;Netherlands;Western Europe;"Brill Academic Publishers";"1999, 2001-2002, 2007-2025";"History (Q1); Literature and Literary Theory (Q1); Arts and Humanities (miscellaneous) (Q2); Cultural Studies (Q2); Gender Studies (Q3)";"Arts and Humanities; Social Sciences"
115;5600153334;"Women's History Review";journal;"09612025, 1747583X";"Routledge";No;No;0,227;Q3;32;99;177;4215;137;157;0,75;42,58;76,92;0;United Kingdom;Western Europe;"Routledge";"1992-2026";"History (Q1); Gender Studies (Q3)";"Arts and Humanities; Social Sciences"
116;24329;"Women's Studies";journal;"00497878, 15477045";"Routledge";No;No;0,224;Q3;23;71;165;2125;51;154;0,28;29,93;66,28;0;United Kingdom;Western Europe;"Routledge";"1972-1984, 1986-2026";"Arts and Humanities (miscellaneous) (Q2); Gender Studies (Q3); Social Sciences (miscellaneous) (Q3)";"Arts and Humanities; Social Sciences"
117;9500154011;"Journal of African American Studies";journal;"19364741, 15591646";"Springer";No;No;0,221;Q3;29;27;84;1030;72;77;0,53;38,15;42,86;0;United States;Northern America;"Springer";"1996, 2003-2005, 2007-2026";"Cultural Studies (Q2); Gender Studies (Q3); Sociology and Political Science (Q3)";"Social Sciences"
118;21101160596;"Journal of Asian American Studies";journal;"10968598";"Johns Hopkins University Press";No;No;0,218;Q3;8;40;76;1026;41;55;0,58;25,65;53,33;0;United States;Northern America;"Johns Hopkins University Press";"2019-2025";"History (Q1); Arts and Humanities (miscellaneous) (Q2); Gender Studies (Q3); Social Sciences (miscellaneous) (Q3)";"Arts and Humanities; Social Sciences"
119;21101216644;"Advancing Women in Leadership Journal";journal;"10937099";"Texas A and M University";No;No;0,216;Q3;5;31;36;1457;38;35;1,08;47,00;77,42;0;United States;Northern America;"Texas A and M University";"2013, 2017, 2021-2025";"Education (Q3); Gender Studies (Q3)";"Social Sciences"
120;21101061450;"Population and Economics";journal;"26583798";"Pensoft Publishers";Yes;Yes;0,215;Q3;13;39;104;1693;93;101;0,91;43,41;52,00;0;Bulgaria;Eastern Europe;"Pensoft Publishers";"2019-2026";"Demography (Q3); Gender Studies (Q3); Social Sciences (miscellaneous) (Q3); Economics and Econometrics (Q4)";"Economics, Econometrics and Finance; Social Sciences"
121;21100826381;"Woman in Russian Society";journal;"19922892, 2500221X";"Ivanovo State University Publishing";No;No;0,213;Q3;8;41;148;830;30;148;0,24;20,24;71,93;0;Russian Federation;Eastern Europe;"Ivanovo State University Publishing";"2017-2025";"Gender Studies (Q3); Sociology and Political Science (Q3)";"Social Sciences"
122;21101041806;"Meridians";journal;"15478424, 15366936";"Duke University Press";No;No;0,211;Q3;8;32;83;1061;64;75;0,88;33,16;81,08;0;United States;Northern America;"Duke University Press";"2019-2025";"Anthropology (Q2); Gender Studies (Q3); Social Sciences (miscellaneous) (Q3)";"Social Sciences"
123;23701;"Indian Journal of Gender Studies";journal;"09715215, 09730672";"Sage Publications India Pvt. Ltd";No;No;0,204;Q3;30;16;65;677;38;53;0,54;42,31;73,68;0;India;Asiatic Region;"Sage Publications India Pvt. Ltd";"1994-2026";"Arts and Humanities (miscellaneous) (Q2); Cultural Studies (Q2); Gender Studies (Q3); Health (social science) (Q4)";"Arts and Humanities; Social Sciences"
124;21101181923;"Martial Arts Studies";journal;"20575696";"Cardiff University Press";Yes;Yes;0,200;Q3;10;16;33;911;19;30;0,59;56,94;19,23;0;United Kingdom;Western Europe;"Cardiff University Press";"2015-2025";"Arts and Humanities (miscellaneous) (Q2); Cultural Studies (Q2); Gender Studies (Q3)";"Arts and Humanities; Social Sciences"
125;21101133325;"Religion and Gender";journal;"25898051, 18785417";"Brill Academic Publishers";No;No;0,200;Q3;20;23;37;1187;24;32;0,52;51,61;81,82;0;Netherlands;Western Europe;"Brill Academic Publishers";"2011-2026";"Cultural Studies (Q2); Religious Studies (Q2); Anthropology (Q3); Gender Studies (Q3)";"Arts and Humanities; Social Sciences"
126;21101263031;"Humanimalia";journal;"21518645";"OpenJournals";Yes;Yes;0,199;Q3;5;21;41;1072;19;36;0,30;51,05;65,00;0;Netherlands;Western Europe;"OpenJournals";"2009, 2016-2017, 2020, 2022-2025";"Cultural Studies (Q2); Gender Studies (Q3); Social Sciences (miscellaneous) (Q3); Sociology and Political Science (Q3)";"Social Sciences"
127;21100975684;"Theology and Sexuality";journal;"13558358, 17455170";"Taylor and Francis Ltd.";No;No;0,198;Q3;17;5;28;286;19;27;0,64;57,20;33,33;0;United Kingdom;Western Europe;"Taylor and Francis Ltd.";"1996-2026";"Religious Studies (Q2); Gender Studies (Q3)";"Arts and Humanities; Social Sciences"
128;21101169012;"Feminist Formations";journal;"21517363, 21517371";"Johns Hopkins University Press";No;No;0,194;Q3;11;20;128;1102;52;96;0,29;55,10;88,00;0;United States;Northern America;"Johns Hopkins University Press";"2010, 2019-2025";"Literature and Literary Theory (Q1); Cultural Studies (Q2); Philosophy (Q2); Gender Studies (Q3)";"Arts and Humanities; Social Sciences"
129;21101281057;"Indonesian Journal of Criminal Law Studies";journal;"25481576, 25481568";"Universitas Negeri Semarang";No;No;0,193;Q3;2;28;26;1264;19;26;0,73;45,14;33,80;0;Indonesia;Asiatic Region;"Universitas Negeri Semarang";"2023-2025";"Gender Studies (Q3); Law (Q3); Social Sciences (miscellaneous) (Q3); Social Psychology (Q4)";"Psychology; Social Sciences"
130;23132;"Revista Estudos Feministas";journal;"18069584, 0104026X";"Universidade Federal de Santa Catarina";Yes;Yes;0,192;Q3;25;80;284;2387;104;278;0,30;29,84;77,67;0;Brazil;Latin America;"Universidade Federal de Santa Catarina";"1994-1995, 2006-2025";"Gender Studies (Q3)";"Social Sciences"
131;21100897940;"WSQ";journal;"19341520, 07321562";"Feminist Press at CUNY";No;No;0,191;Q3;10;0;34;0;13;14;0,38;0,00;0,00;0;United States;Northern America;"Feminist Press at CUNY";"2018-2019, 2023";"Gender Studies (Q3)";"Social Sciences"
132;21101060886;"Proceedings of the International Conference on Gender Research";conference and proceedings;"25162810";"Academic Conferences and Publishing International Limited";No;No;0,191;-;6;71;150;2270;129;144;1,01;31,97;82,07;0;United Kingdom;Western Europe;"Academic Conferences and Publishing International Limited";"2021-2025";"Gender Studies; Social Sciences (miscellaneous)";"Social Sciences"
133;21100944721;"Cadernos de Traducao";journal;"21757968, 1414526X";"Universidade Federal de Santa Catarina";Yes;Yes;0,190;Q3;8;32;305;1786;78;296;0,28;55,81;53,66;0;Brazil;Latin America;"Universidade Federal de Santa Catarina";"2019-2025";"Literature and Literary Theory (Q1); Cultural Studies (Q2); Linguistics and Language (Q2); Gender Studies (Q3); Artificial Intelligence (Q4); Education (Q4)";"Arts and Humanities; Computer Science; Social Sciences"
134;21100868416;"Laboratorium: Russian Review of Social Research";journal;"20781938, 20768214";"Institute for European Russian and Eurasian Studies, The George Washington University";No;No;0,185;Q3;8;15;56;741;29;56;0,50;49,40;52,38;0;United States;Northern America;"Institute for European Russian and Eurasian Studies, The George Washington University";"2018-2025";"Cultural Studies (Q2); History (Q2); Anthropology (Q3); Gender Studies (Q3); Political Science and International Relations (Q3); Social Sciences (miscellaneous) (Q3); Sociology and Political Science (Q3)";"Arts and Humanities; Social Sciences"
135;21101233761;"Desde el Sur";journal;"20762674, 24150959";"Universidad Cientifica del Sur";Yes;Yes;0,184;Q3;7;102;168;4439;84;157;0,52;43,52;43,79;0;Peru;Latin America;"Universidad Cientifica del Sur";"2021-2025";"Cultural Studies (Q2); Gender Studies (Q3); Library and Information Sciences (Q3); Sociology and Political Science (Q3); Education (Q4); Public Administration (Q4); Safety Research (Q4)";"Social Sciences"
136;21101179091;"Revista Eletronica Direito e Sociedade";journal;"23188081";"Universidade LaSalle - Unilasalle";Yes;Yes;0,184;Q3;4;39;101;1416;22;96;0,28;36,31;48,94;0;Brazil;Latin America;"Universidade LaSalle - Unilasalle";"2019-2025";"Cultural Studies (Q2); Gender Studies (Q3); Social Sciences (miscellaneous) (Q3)";"Social Sciences"
137;21100229212;"Asian Women";journal;"1225925X";"Sookmyung Women's University";Yes;No;0,183;Q3;14;40;61;2138;53;60;1,15;53,45;49,37;0;South Korea;Asiatic Region;"Sookmyung Women's University";"2008-2025";"Gender Studies (Q3); Sociology and Political Science (Q3)";"Social Sciences"
138;21101124075;"Dotawo";journal;"23732571";"eScholarship Publishing";Yes;Yes;0,179;Q3;3;0;6;0;2;5;0,33;0,00;0,00;0;United States;Northern America;"eScholarship Publishing";"2019-2020, 2023";"Linguistics and Language (Q2); Anthropology (Q3); Gender Studies (Q3); Sociology and Political Science (Q3)";"Social Sciences"
139;17500155104;"Feminist Theology";journal;"17455189, 09667350";"SAGE Publications Ltd";No;No;0,178;Q3;15;25;84;872;27;75;0,38;34,88;77,27;0;United Kingdom;Western Europe;"SAGE Publications Ltd";"1992-2026";"Religious Studies (Q2); Gender Studies (Q3)";"Arts and Humanities; Social Sciences"
140;21101087297;"Feminist Encounters";journal;"24684414";"Lectito";Yes;Yes;0,177;Q3;9;29;93;1595;58;84;0,67;55,00;86,84;0;Netherlands;Western Europe;"Lectito";"2019-2026";"Cultural Studies (Q2); Anthropology (Q3); Gender Studies (Q3); Sociology and Political Science (Q3)";"Social Sciences"
141;21101048550;"Ikenga";journal;"20064241, 27144321";"University of Nigeria, Institute of African Studies";No;No;0,176;Q3;5;42;106;1783;43;105;0,42;42,45;31,25;0;Nigeria;Africa;"University of Nigeria, Institute of African Studies";"2019-2025";"Literature and Literary Theory (Q1); Archeology (arts and humanities) (Q2); Arts and Humanities (miscellaneous) (Q2); Cultural Studies (Q2); History (Q2); Religious Studies (Q2); Gender Studies (Q3); Social Sciences (miscellaneous) (Q3)";"Arts and Humanities; Social Sciences"
142;4700152714;"Cadernos de Pesquisa";journal;"19805314, 01001574";"Fundacao Carlos Chagas";Yes;Yes;0,175;Q3;24;22;145;907;55;143;0,35;41,23;54,55;0;Brazil;Latin America;"Fundacao Carlos Chagas";"1983, 2006-2025";"Cultural Studies (Q2); Gender Studies (Q3); Education (Q4)";"Social Sciences"
143;21100232420;"International Journal of Feminist Approaches to Bioethics";journal;"19374585, 19374577";"University of Toronto";No;No;0,175;Q3;18;18;97;1533;53;91;0,80;85,17;57,14;0;United States;Northern America;"University of Toronto";"2012-2025";"Philosophy (Q2); Gender Studies (Q3); Health (social science) (Q4)";"Arts and Humanities; Social Sciences"
144;5700165614;"Journal of Middle East Women's Studies";journal;"15525864, 15589579";"Duke University Press";No;No;0,174;Q3;18;17;97;570;51;92;0,45;33,53;89,47;0;United States;Northern America;"Duke University Press";"2013-2025";"Cultural Studies (Q2); History (Q2); Gender Studies (Q3); Sociology and Political Science (Q3)";"Arts and Humanities; Social Sciences"
145;21101057633;"Critical Ethnic Studies";journal;"23735031, 2373504X";"University of Minnesota Press";No;No;0,171;Q3;2;0;51;0;8;48;0,15;0,00;0,00;0;United States;Northern America;"University of Minnesota Press";"2020-2024";"Cultural Studies (Q2); Anthropology (Q3); Gender Studies (Q3); Social Sciences (miscellaneous) (Q3)";"Social Sciences"
146;21101051701;"Transitions: Journal of Transient Migration";journal;"23977159, 23977140";"Intellect Ltd.";No;No;0,169;Q3;8;16;16;1020;12;16;0,70;63,75;62,96;0;United Kingdom;Western Europe;"Intellect Ltd.";"2019-2026";"Cultural Studies (Q2); Demography (Q3); Gender Studies (Q3); Social Sciences (miscellaneous) (Q3); Sociology and Political Science (Q3)";"Social Sciences"
147;21101054228;"South Asian Review";journal;"02759527, 25739476";"Taylor and Francis Ltd.";No;No;0,168;Q3;6;60;99;1959;24;80;0,31;32,65;67,86;1;United Kingdom;Western Europe;"Taylor and Francis Ltd.";"2003-2004, 2006, 2011, 2017, 2019-2026";"Literature and Literary Theory (Q1); Cultural Studies (Q2); Linguistics and Language (Q2); Gender Studies (Q3)";"Arts and Humanities; Social Sciences"
148;14724;"Gender and History";journal;"09535233, 14680424";"Wiley-Blackwell Publishing Ltd";No;No;0,166;Q3;42;88;183;0;106;181;0,60;0,00;73,79;1;United Kingdom;Western Europe;"Wiley-Blackwell Publishing Ltd";"1989-2026";"Arts and Humanities (miscellaneous) (Q2); History (Q2); Gender Studies (Q3); Geography, Planning and Development (Q4)";"Arts and Humanities; Social Sciences"
149;21100814517;"Space and Culture, India";journal;"20528396";"ACCB Publishing";Yes;No;0,166;Q3;17;35;96;1703;52;89;0,56;48,66;42,86;0;United Kingdom;Western Europe;"ACCB Publishing";"2013-2025";"Arts and Humanities (miscellaneous) (Q2); Cultural Studies (Q2); Gender Studies (Q3); Sociology and Political Science (Q3); Development (Q4); Economics, Econometrics and Finance (miscellaneous) (Q4); Education (Q4)";"Arts and Humanities; Economics, Econometrics and Finance; Social Sciences"
150;21100896336;"Ex Aequo";journal;"21840385, 08745560";"Associacao Portuguesa de Estudos sobre as Mulheres";Yes;Yes;0,164;Q3;6;25;89;911;29;81;0,26;36,44;85,00;0;Portugal;Western Europe;"Associacao Portuguesa de Estudos sobre as Mulheres";"2018-2025";"Gender Studies (Q3)";"Social Sciences"
151;21101387481;"Human Rights in the Global South";journal;"29625556";"Serikat Pengajar Hak Asasi Manusia Indonesia";No;No;0,164;Q3;3;2;13;151;12;13;0,67;75,50;66,67;0;Indonesia;Asiatic Region;"Serikat Pengajar Hak Asasi Manusia Indonesia";"2022-2025";"Gender Studies (Q3); Law (Q3); Political Science and International Relations (Q3); Sociology and Political Science (Q3)";"Social Sciences"
152;21101075056;"Redescriptions: Political Thought, Conceptual History and Feminist Theory";journal;"23080914, 23080906";"Helsinki University Press";Yes;Yes;0,164;Q3;4;11;33;573;16;27;0,30;52,09;42,86;0;Finland;Western Europe;"Helsinki University Press";"2021-2025";"History (Q2); Gender Studies (Q3); Sociology and Political Science (Q3)";"Arts and Humanities; Social Sciences"
153;18303;"Acta Poloniae Historica";journal;"00016829, 24508462";"Polska Akademia Nauk";Yes;No;0,162;Q3;9;0;53;0;18;52;0,30;0,00;0,00;0;Poland;Eastern Europe;"Polska Akademia Nauk";"1968, 1999, 2001-2024";"Cultural Studies (Q2); History (Q2); Gender Studies (Q3); Sociology and Political Science (Q3)";"Arts and Humanities; Social Sciences"
154;21100825856;"Arenal";journal;"11346396";"Universidad de Granada";Yes;Yes;0,161;Q3;7;12;72;695;18;72;0,10;57,92;54,55;0;Spain;Western Europe;"Universidad de Granada";"2017-2025";"Cultural Studies (Q2); History (Q2); Gender Studies (Q3)";"Arts and Humanities; Social Sciences"
155;21100909465;"Feminist Media Histories";journal;"23737492";"University of California Press";No;No;0,161;Q3;9;27;102;1047;49;94;0,29;38,78;72,00;0;United States;Northern America;"University of California Press";"2019-2025";"History (Q2); Gender Studies (Q3)";"Arts and Humanities; Social Sciences"
156;6400153188;"Women";journal;"14701367, 09574042";"Informa UK Ltd";No;No;0,161;Q3;19;1;48;36;23;40;0,63;36,00;100,00;0;United Kingdom;Western Europe;"Informa UK Ltd";"1990-2025";"Literature and Literary Theory (Q1); Cultural Studies (Q2); Gender Studies (Q3)";"Arts and Humanities; Social Sciences"
157;23597;"Feminist Studies";journal;"00463663";"Feminist Studies Inc.";No;No;0,160;Q3;53;3;79;185;42;71;0,43;61,67;75,00;0;United States;Northern America;"Feminist Studies Inc.";"1975, 1978-1981, 1983, 1986-1987, 1991, 1994, 1996-2025";"Arts and Humanities (miscellaneous) (Q2); Gender Studies (Q3)";"Arts and Humanities; Social Sciences"
158;21101053521;"Asparkia";journal;"11328231, 23404795";"Universitat Jaume I";Yes;Yes;0,159;Q3;5;29;114;1370;29;113;0,23;47,24;65,22;0;Spain;Western Europe;"Universitat Jaume I";"2019-2026";"Arts and Humanities (miscellaneous) (Q3); Gender Studies (Q3); Social Sciences (miscellaneous) (Q4)";"Arts and Humanities; Social Sciences"
159;21100935905;"Boyhood Studies";journal;"23759240, 23759267";"Berghahn Journals";No;No;0,159;Q3;8;13;39;588;11;38;0,37;45,23;57,89;0;United Kingdom;Western Europe;"Berghahn Journals";"2007, 2018-2025";"Cultural Studies (Q2); Gender Studies (Q3); Developmental and Educational Psychology (Q4); Education (Q4); Life-span and Life-course Studies (Q4); Social Psychology (Q4)";"Psychology; Social Sciences"
160;23724;"Journal of Women's History";journal;"10427961, 15272036";"Johns Hopkins University Press";No;No;0,156;Q3;31;26;103;2064;34;89;0,38;79,38;80,77;0;United States;Northern America;"Johns Hopkins University Press";"1996, 1999-2025";"History (Q2); Gender Studies (Q3)";"Arts and Humanities; Social Sciences"
161;21101274768;"PuntOorg International Journal";journal;"24991333";"";No;No;0,155;Q3;5;14;42;891;27;38;0,46;63,64;65,38;0;Italy;Western Europe;"";"2021-2026";"Cultural Studies (Q2); Gender Studies (Q3); Communication (Q4); Organizational Behavior and Human Resource Management (Q4)";"Business, Management and Accounting; Social Sciences"
162;21100876932;"Intersections (Australia)";journal;"14409151";"Australian National University, Dept. of Gender, Media and Cultural Studies";Yes;No;0,154;Q3;5;10;40;488;28;25;0,81;48,80;73,33;0;Australia;Pacific Region;"Australian National University, Dept. of Gender, Media and Cultural Studies";"2018-2025";"Cultural Studies (Q2); History (Q2); Gender Studies (Q3)";"Arts and Humanities; Social Sciences"
163;21101181957;"Journal of Sex- and Gender- Specific Medicine";journal;"29748194, 29748623";"Il Pensiero Scientifico Editore s.r.l.";No;No;0,152;Q3;10;23;71;927;34;53;0,22;40,30;51,05;0;Italy;Western Europe;"Il Pensiero Scientifico Editore s.r.l.";"2023-2025";"Gender Studies (Q3); Medicine (miscellaneous) (Q4)";"Medicine; Social Sciences"
164;21101246928;"Udayana Journal of Law and Culture";journal;"25490680";"Udayana University";Yes;Yes;0,152;Q3;4;10;35;754;22;35;0,74;75,40;46,43;0;Indonesia;Asiatic Region;"Udayana University";"2020-2025";"Cultural Studies (Q2); Gender Studies (Q3); Law (Q3); Social Sciences (miscellaneous) (Q4)";"Social Sciences"
165;16100154757;"Journal of Feminist Studies in Religion";journal;"87554178, 15533913";"Indiana University Press";No;No;0,151;Q4;20;32;113;660;27;97;0,22;20,63;66,67;0;United States;Northern America;"Indiana University Press";"2002-2008, 2011-2025";"Religious Studies (Q2); Gender Studies (Q4)";"Arts and Humanities; Social Sciences"
166;21100839186;"Gender a Vyzkum / Gender and Research";journal;"25706586, 25706578";"Academy of Sciences of the Czech Republic, Institute of Sociology";Yes;Yes;0,146;Q4;9;16;50;621;18;45;0,39;38,81;68,75;0;Czech Republic;Eastern Europe;"Academy of Sciences of the Czech Republic, Institute of Sociology";"2017-2025";"Gender Studies (Q4)";"Social Sciences"
167;23113;"Differences";journal;"10407391";"Duke University Press";No;No;0,145;Q4;38;19;96;745;29;93;0,15;39,21;47,37;0;United States;Northern America;"Duke University Press";"1994, 1998, 2001-2025";"Cultural Studies (Q3); Gender Studies (Q4)";"Social Sciences"
168;21101146385;"Revista Direito e Sexualidade";journal;"26753596";"Universidade Federal da Bahia";Yes;Yes;0,145;Q4;3;25;95;838;9;55;0,07;33,52;47,83;0;Brazil;Latin America;"Universidade Federal da Bahia";"2020-2025";"Law (Q3); Gender Studies (Q4)";"Social Sciences"
169;21101044706;"Archivio Antropologico Mediterraneo";journal;"20383215";"University of Palermo - Department of Culture and Societies";Yes;Yes;0,144;Q4;7;29;76;1387;17;68;0,14;47,83;69,23;0;Italy;Western Europe;"University of Palermo - Department of Culture and Societies";"2019-2025";"Anthropology (Q3); Education (Q4); Gender Studies (Q4); Urban Studies (Q4)";"Social Sciences"
170;21100286900;"Nashim";journal;"07938934, 15655288";"Indiana University Press";No;No;0,144;Q4;9;15;51;1301;6;44;0,26;86,73;73,33;0;United States;Northern America;"Indiana University Press";"2012-2025";"Arts and Humanities (miscellaneous) (Q3); Cultural Studies (Q3); Gender Studies (Q4)";"Arts and Humanities; Social Sciences"
171;21101111533;"Ethiopian Renaissance Journal of Social Sciences and Humanities";journal;"24096377, 24096385";"University of Gondar";No;No;0,143;Q4;5;19;60;850;30;59;0,37;44,74;30,23;0;Ethiopia;Africa;"University of Gondar";"2019-2026";"Anthropology (Q3); Arts and Humanities (miscellaneous) (Q3); Demography (Q4); Developmental and Educational Psychology (Q4); Gender Studies (Q4)";"Arts and Humanities; Psychology; Social Sciences"
172;21100897789;"Advances in Business Related Scientific Research Journal";journal;"1855931X";"GEA College – Faculty of Entrepreneurship";Yes;No;0,139;Q4;6;12;33;517;18;33;0,43;43,08;34,48;0;Slovenia;Eastern Europe;"GEA College – Faculty of Entrepreneurship";"2018-2025";"Business, Management and Accounting (miscellaneous) (Q4); Economics, Econometrics and Finance (miscellaneous) (Q4); Gender Studies (Q4); Law (Q4)";"Business, Management and Accounting; Economics, Econometrics and Finance; Social Sciences"
173;21101128566;"Educacion y Humanismo";journal;"26652420, 01242121";"Simon Bolivar University (Barranquilla)";Yes;Yes;0,137;Q4;4;26;69;1274;29;67;0,32;49,00;41,67;0;Colombia;Latin America;"Simon Bolivar University (Barranquilla)";"2022-2026";"Cultural Studies (Q3); History and Philosophy of Science (Q3); Education (Q4); Gender Studies (Q4)";"Arts and Humanities; Social Sciences"
174;5700169025;"Women's Writing";journal;"17475848, 09699082";"Routledge";No;No;0,135;Q4;18;35;98;1280;23;90;0,15;36,57;78,79;0;United Kingdom;Western Europe;"Routledge";"1994-2005, 2010-2026";"Literature and Literary Theory (Q2); Gender Studies (Q4)";"Arts and Humanities; Social Sciences"
175;21100978907;"Journal of Iberian Women Writers/Revista de Escritoras Ibericas";journal;"23409029";"Universidad Nacional de Educacion a Distancia (UNED)";Yes;No;0,134;Q4;4;0;43;0;2;42;0,00;0,00;0,00;0;Spain;Western Europe;"Universidad Nacional de Educacion a Distancia (UNED)";"2019-2020, 2022-2024";"Literature and Literary Theory (Q2); Linguistics and Language (Q3); Gender Studies (Q4)";"Arts and Humanities; Social Sciences"
176;21100902943;"Discourse Approaches to Politics, Society and Culture";book series;"15699463";"John Benjamins Publishing Company";No;No;0,133;Q4;9;13;65;878;49;1;0,12;67,54;100,00;0;Netherlands;Western Europe;"John Benjamins Publishing Company";"2018-2023, 2025";"Linguistics and Language (Q3); Communication (Q4); Gender Studies (Q4); Social Psychology (Q4); Sociology and Political Science (Q4)";"Psychology; Social Sciences"
177;11600153638;"Early Modern Women";journal;"23784776, 19330065";"University of Chicago Press";No;No;0,133;Q4;9;15;49;411;5;15;0,16;27,40;71,43;0;United States;Northern America;"University of Chicago Press";"2010-2011, 2015-2025";"Gender Studies (Q4)";"Social Sciences"
178;21101215783;"Journal of Bodies, Sexualities, and Masculinities";journal;"26888149, 26888157";"Berghahn Journals";No;No;0,132;Q4;5;0;36;0;14;31;0,23;0,00;0,00;0;United Kingdom;Western Europe;"Berghahn Journals";"2020-2024";"Cultural Studies (Q3); Gender Studies (Q4)";"Social Sciences"
179;21101260637;"OIDA International Journal of Sustainable Development";journal;"19236662, 19236654";"";Yes;No;0,132;Q4;3;237;160;9279;61;160;0,34;39,15;53,44;0;Canada;Northern America;"";"2020-2025";"Development (Q4); Gender Studies (Q4); Geography, Planning and Development (Q4); Health (social science) (Q4)";"Social Sciences"
180;21100275406;"Homme (Germany)";book series;"21945071, 1016362X";"Vandenhoeck and Ruprecht GmbH and Co. KG";No;No;0,129;Q4;7;23;70;961;7;57;0,14;41,78;87,50;0;Germany;Western Europe;"Vandenhoeck and Ruprecht GmbH and Co. KG";"1990-1995, 1999, 2001-2002, 2011-2025";"Cultural Studies (Q3); History (Q3); Gender Studies (Q4)";"Arts and Humanities; Social Sciences"
181;20370;"Journal of Gang Research";journal;"10793062";"National Gang Crime Research Center";No;No;0,129;Q4;12;7;23;283;5;22;0,31;40,43;42,86;0;United States;Northern America;"National Gang Crime Research Center";"2004-2025";"Arts and Humanities (miscellaneous) (Q3); Gender Studies (Q4); Law (Q4); Social Sciences (miscellaneous) (Q4)";"Arts and Humanities; Social Sciences"
182;21101176030;"Journal of Public Interest Communications";journal;"25734342";"";Yes;Yes;0,128;Q4;7;7;16;169;6;12;0,23;24,14;75,00;0;United States;Northern America;"";"2019-2025";"Cultural Studies (Q3); Gender Studies (Q4); Health (social science) (Q4); Sociology and Political Science (Q4)";"Social Sciences"
183;12390;"Canadian Journal of Women and the Law";journal;"08328781, 19110235";"University of Toronto Press";No;No;0,127;Q4;24;4;22;348;8;22;0,50;87,00;100,00;0;Canada;Northern America;"University of Toronto Press";"1986-1987, 1989-1990, 1993-1994, 2003, 2009-2022, 2024-2025";"Gender Studies (Q4); Law (Q4); Sociology and Political Science (Q4)";"Social Sciences"
184;18400156710;"Contemporary Women's Writing";journal;"17541476, 17541484";"Oxford University Press";No;No;0,127;Q4;10;13;52;646;35;51;0,55;49,69;78,57;0;United Kingdom;Western Europe;"Oxford University Press";"2009-2025";"Literature and Literary Theory (Q2); Gender Studies (Q4)";"Arts and Humanities; Social Sciences"
185;21100258625;"International Journal of Diverse Identities";journal;"23277866, 23278560";"Common Ground Research Networks";No;No;0,126;Q4;3;11;15;437;5;15;0,40;39,73;50,00;0;United States;Northern America;"Common Ground Research Networks";"2013-2025";"Cultural Studies (Q3); Anthropology (Q4); Gender Studies (Q4); Sociology and Political Science (Q4)";"Social Sciences"
186;5600153164;"Cadernos Pagu";journal;"01048333";"Universidade Estadual de Campinas UNICAMP";Yes;Yes;0,125;Q4;23;31;135;1253;17;107;0,10;40,42;83,78;0;Brazil;Latin America;"Universidade Estadual de Campinas UNICAMP";"2008-2025";"Gender Studies (Q4)";"Social Sciences"
187;21101054424;"Contemporary Southeastern Europe";journal;"23103612";"University of Graz";Yes;Yes;0,124;Q4;5;16;31;756;11;30;0,24;47,25;50,00;0;Austria;Western Europe;"University of Graz";"2019-2026";"Arts and Humanities (miscellaneous) (Q3); Cultural Studies (Q3); History (Q3); Anthropology (Q4); Gender Studies (Q4); Law (Q4); Sociology and Political Science (Q4)";"Arts and Humanities; Social Sciences"
188;21100935007;"Critical Studies in Men's Fashion";journal;"20500718, 2050070X";"Intellect Ltd.";No;No;0,122;Q4;5;15;47;410;6;40;0,06;27,33;56,25;0;United Kingdom;Western Europe;"Intellect Ltd.";"2019-2025";"Visual Arts and Performing Arts (Q2); Cultural Studies (Q3); Gender Studies (Q4)";"Arts and Humanities; Social Sciences"
189;21100863627;"Gender Studies";book series;"22860134, 1583980X";"De Gruyter Open Ltd";Yes;Yes;0,121;Q4;4;0;31;0;12;31;0,41;0,00;0,00;0;Poland;Eastern Europe;"De Gruyter Open Ltd";"2017-2024";"Gender Studies (Q4)";"Social Sciences"
190;19700170193;"Aspasia";journal;"19332882, 19332890";"Berghahn Journals";Yes;Yes;0,120;Q4;10;6;33;481;26;30;0,48;80,17;60,00;0;United Kingdom;Western Europe;"Berghahn Journals";"2011-2025";"History (Q3); Gender Studies (Q4)";"Arts and Humanities; Social Sciences"
191;21101062039;"Journal of Posthuman Studies";journal;"24714461, 24724513";"Penn State University Press";No;No;0,120;Q4;5;8;45;346;11;39;0,30;43,25;22,22;0;United States;Northern America;"Penn State University Press";"2017, 2019-2025";"Arts and Humanities (miscellaneous) (Q3); Cultural Studies (Q3); Gender Studies (Q4); Sociology and Political Science (Q4)";"Arts and Humanities; Social Sciences"
192;21100407809;"Women and Gender in China Studies";book series;"18775772";"Brill Academic Publishers";No;No;0,116;Q4;5;0;12;0;0;2;0,00;0,00;0,00;0;Netherlands;Western Europe;"Brill Academic Publishers";"2010, 2013-2014, 2016-2018, 2020-2021, 2023-2024";"Cultural Studies (Q3); Gender Studies (Q4)";"Social Sciences"
193;21101116673;"Perifrasis";journal;"21458987, 21459045";"Universidad de los Andes, Colombia";Yes;Yes;0,115;Q4;4;30;73;721;5;62;0,02;24,03;70,83;0;Colombia;Latin America;"Universidad de los Andes, Colombia";"2011, 2019-2026";"Cultural Studies (Q3); Literature and Literary Theory (Q3); Gender Studies (Q4)";"Arts and Humanities; Social Sciences"
194;6000152889;"Camera Obscura";journal;"15291510, 02705346";"Duke University Press";No;No;0,114;Q4;23;14;61;710;12;60;0,17;50,71;75,00;0;United States;Northern America;"Duke University Press";"2002-2025";"Visual Arts and Performing Arts (Q3); Gender Studies (Q4)";"Arts and Humanities; Social Sciences"
195;21101091182;"Feminist Modernist Studies";journal;"2469293X, 24692921";"Informa Healthcare";No;No;0,112;Q4;7;17;61;591;12;57;0,19;34,76;83,33;0;United Kingdom;Western Europe;"Informa Healthcare";"2018-2026";"Cultural Studies (Q3); Literature and Literary Theory (Q3); Gender Studies (Q4)";"Arts and Humanities; Social Sciences"
196;11600153450;"Women and Performance";journal;"17485819, 0740770X";"Taylor and Francis Ltd.";No;No;0,112;Q4;21;14;22;329;2;16;0,00;23,50;80,00;0;United Kingdom;Western Europe;"Taylor and Francis Ltd.";"1983-1990, 1992-1997, 1999-2022, 2024-2025";"Visual Arts and Performing Arts (Q3); Gender Studies (Q4)";"Arts and Humanities; Social Sciences"
197;21100923613;"QED";journal;"23271574, 23271590";"Michigan State University Press";No;No;0,110;Q4;7;0;91;0;18;68;0,21;0,00;0,00;0;United States;Northern America;"Michigan State University Press";"2015-2016, 2019-2024";"Cultural Studies (Q4); Gender Studies (Q4)";"Social Sciences"
198;17700156014;"Travail, Genre et Societes";journal;"12946303";"Editions La Decouverte";No;No;0,109;Q4;19;0;93;0;22;89;0,25;0,00;0,00;0;France;Western Europe;"Editions La Decouverte";"2001-2024";"Business and International Management (Q4); Economics and Econometrics (Q4); Gender Studies (Q4); Organizational Behavior and Human Resource Management (Q4); Sociology and Political Science (Q4)";"Business, Management and Accounting; Economics, Econometrics and Finance; Social Sciences"
199;21100243004;"Cahiers du Genre";journal;"19683928, 12986046";"L'Harmattan";No;No;0,108;Q4;12;0;77;0;8;74;0,08;0,00;0,00;0;France;Western Europe;"L'Harmattan";"2011-2024";"Demography (Q4); Gender Studies (Q4); Sociology and Political Science (Q4)";"Social Sciences"
200;21101162552;"Wagadu: Journal of Transnational Women's and Gender Studies";journal;"15456196, 21502226";"SUNY Cortland";No;No;0,107;Q4;4;0;22;0;5;21;0,00;0,00;0,00;0;United States;Northern America;"SUNY Cortland";"2019-2022, 2024";"Cultural Studies (Q4); Gender Studies (Q4); Philosophy (Q4)";"Arts and Humanities; Social Sciences"
201;16100154755;"Tulsa Studies in Womens Literature";journal;"19361645, 07327730";"University of Tulsa";No;No;0,106;Q4;14;0;79;0;10;71;0,18;0,00;0,00;0;United States;Northern America;"University of Tulsa";"2002-2013, 2015-2024";"Literature and Literary Theory (Q3); Gender Studies (Q4)";"Arts and Humanities; Social Sciences"
202;21101128535;"Genesis (Italy)";journal;"15949281, 19732252";"Viella";No;No;0,105;Q4;0;0;7;0;0;7;0,00;0,00;0,00;0;Italy;Western Europe;"Viella";"2022-2023";"Cultural Studies (Q4); Gender Studies (Q4); History (Q4); Social Sciences (miscellaneous) (Q4)";"Arts and Humanities; Social Sciences"
203;21100838825;"Lectora";journal;"11365781, 20139470";"Centre for Women and Literature. Gender, sexualities and cultural criticism";Yes;Yes;0,105;Q4;5;0;69;0;10;68;0,14;0,00;0,00;0;Spain;Western Europe;"Centre for Women and Literature. Gender, sexualities and cultural criticism";"2017-2024";"Cultural Studies (Q4); Gender Studies (Q4); Philosophy (Q4)";"Arts and Humanities; Social Sciences"
204;21101021992;"Storia della Donne";journal;"18267505, 18267513";"Firenze University Press";Yes;Yes;0,105;Q4;1;9;8;275;0;7;0,00;30,56;85,71;0;Italy;Western Europe;"Firenze University Press";"2020-2021, 2024-2025";"Cultural Studies (Q4); Gender Studies (Q4); History (Q4)";"Arts and Humanities; Social Sciences"
205;21101196819;"Simone de Beauvoir Studies";journal;"25897616, 10632042";"Brill Academic Publishers";No;No;0,104;Q4;6;15;72;1020;5;53;0,04;68,00;91,67;0;Netherlands;Western Europe;"Brill Academic Publishers";"1983-1984, 1986-1997, 1999-2012, 2014, 2019-2025";"Arts and Humanities (miscellaneous) (Q4); Gender Studies (Q4); History (Q4); Philosophy (Q4)";"Arts and Humanities; Social Sciences"
206;21101163298;"Women, Gender, and Families of Color";journal;"23260947, 23260939";"University of Illinois Press";No;No;0,104;Q4;5;0;41;0;5;39;0,06;0,00;0,00;0;United States;Northern America;"University of Illinois Press";"2019-2024";"Cultural Studies (Q4); Gender Studies (Q4); History (Q4); Sociology and Political Science (Q4)";"Arts and Humanities; Social Sciences"
207;19300156907;"Feministische Studien";journal;"23659920, 07235186";"Walter de Gruyter GmbH";No;No;0,103;Q4;10;16;103;313;4;90;0,00;19,56;93,75;0;Germany;Western Europe;"Walter de Gruyter GmbH";"2008-2025";"Gender Studies (Q4); Sociology and Political Science (Q4)";"Social Sciences"
208;7600153110;"Hawwa";journal;"15692078, 15692086";"Brill Academic Publishers";No;No;0,103;Q4;17;21;31;1004;5;29;0,14;47,81;82,86;0;Netherlands;Western Europe;"Brill Academic Publishers";"2003-2012, 2014-2026";"Cultural Studies (Q4); Gender Studies (Q4); Sociology and Political Science (Q4)";"Social Sciences"
209;21101392384;"Ex Novo Journal of Archaeology";journal;"25318810";"Archaeopress";No;No;0,102;Q4;2;0;21;0;1;15;0,00;0,00;0,00;0;United Kingdom;Western Europe;"Archaeopress";"2021-2024";"Anthropology (Q4); Archeology (Q4); Archeology (arts and humanities) (Q4); Gender Studies (Q4)";"Arts and Humanities; Social Sciences"
210;21101045322;"Feminist German Studies";journal;"25785192, 25785206";"University of Nebraska Press";No;No;0,102;Q4;4;0;46;0;6;40;0,06;0,00;0,00;0;United States;Northern America;"University of Nebraska Press";"2018-2024";"Arts and Humanities (miscellaneous) (Q4); Cultural Studies (Q4); Gender Studies (Q4); Linguistics and Language (Q4)";"Arts and Humanities; Social Sciences"
211;5700154365;"International Journal of Francophone Studies";journal;"13682679, 17589142";"Intellect Ltd.";No;No;0,102;Q4;7;0;16;0;4;16;0,00;0,00;0,00;0;United Kingdom;Western Europe;"Intellect Ltd.";"2008, 2012-2023";"Literature and Literary Theory (Q3); Cultural Studies (Q4); Gender Studies (Q4); History (Q4); Linguistics and Language (Q4); Sociology and Political Science (Q4); Visual Arts and Performing Arts (Q4)";"Arts and Humanities; Social Sciences"
212;19700166622;"Clio: Histoire, Femmes et Societes";journal;"12527017, 17775299";"Presses Universitaires du Mirail";No;No;0,101;Q4;9;0;118;0;6;108;0,08;0,00;0,00;0;France;Western Europe;"Presses Universitaires du Mirail";"1999-2001, 2009-2018, 2020-2024";"Gender Studies (Q4); History (Q4)";"Arts and Humanities; Social Sciences"
213;21101264301;"Revista do CAAP";journal;"14150344, 22383840";"Faculdade de Direito da Universidade Federal de Minas Gerais";Yes;No;0,101;Q4;1;24;61;542;1;53;0,02;22,58;44,44;0;Brazil;Latin America;"Faculdade de Direito da Universidade Federal de Minas Gerais";"2020-2026";"Anthropology (Q4); Gender Studies (Q4); Law (Q4); Philosophy (Q4); Social Sciences (miscellaneous) (Q4); Sociology and Political Science (Q4)";"Arts and Humanities; Social Sciences"
214;21101080471;"Whatever";journal;"2611657X";"University of Pisa";Yes;Yes;0,101;Q4;6;0;33;0;5;32;0,06;0,00;0,00;0;Italy;Western Europe;"University of Pisa";"2018-2024";"Cultural Studies (Q4); Gender Studies (Q4); Literature and Literary Theory (Q4); Visual Arts and Performing Arts (Q4)";"Arts and Humanities; Social Sciences"
215;16200154775;"Legacy";journal;"07484321, 15340643";"University of Nebraska Press";No;No;0,100;Q4;12;4;57;212;1;55;0,02;53,00;50,00;0;United States;Northern America;"University of Nebraska Press";"2002-2025";"Gender Studies (Q4); Literature and Literary Theory (Q4)";"Arts and Humanities; Social Sciences"
216;21101116676;"Nineteenth-Century Gender Studies";journal;"15567524";"";Yes;Yes;0,100;Q4;5;9;66;373;3;60;0,07;41,44;62,50;0;United States;Northern America;"";"2019-2025";"Gender Studies (Q4); Linguistics and Language (Q4); Literature and Literary Theory (Q4)";"Arts and Humanities; Social Sciences"
217;4000151901;"Nouvelles Questions Feministes";journal;"02484951";"Editions Antipodes";No;No;0,100;Q4;14;0;87;0;3;80;0,00;0,00;0,00;0;Switzerland;Western Europe;"Editions Antipodes";"2005-2024";"Gender Studies (Q4)";"Social Sciences"
218;5900152863;"Woman's Art Journal";journal;"21588457, 02707993";"Old City Publishing";No;No;0,100;Q4;8;8;88;451;0;83;0,00;56,38;83,33;0;United States;Northern America;"Old City Publishing";"2002-2025";"Gender Studies (Q4); Visual Arts and Performing Arts (Q4)";"Arts and Humanities; Social Sciences"
219;4000152128;"Advances in Gender Research";book series;"15292126";"Emerald Group Publishing Ltd.";No;No;;-;19;28;34;816;21;0;0,38;29,14;100,00;0;United Kingdom;Western Europe;"Emerald Group Publishing Ltd.";"2000-2022, 2024-2026";"Cultural Studies; Gender Studies";"Social Sciences"
220;21100461423;"Advances in Race and Ethnicity in Education";book series;"20512325, 20512317";"Emerald Group Publishing Ltd.";No;No;;-;9;1;32;0;10;0;0,24;0,00;0,00;0;United Kingdom;Western Europe;"Emerald Group Publishing Ltd.";"2013-2014, 2016-2017, 2020, 2022-2023, 2025-2026";"Anthropology; Education; Gender Studies; Sociology and Political Science";"Social Sciences"
221;21100407965;"Women and Gender: The Middle East and the Islamic World";book series;"15707628";"Brill Academic Publishers";No;No;;-;10;1;0;154;0;0;0,00;154,00;100,00;0;Netherlands;Western Europe;"Brill Academic Publishers";"2007, 2009-2013, 2016-2017, 2019-2020, 2025";"Cultural Studies; Gender Studies; Religious Studies";"Arts and Humanities; Social Sciences"
